,distance,duration,html_instructions,polyline,travel_mode,maneuver,overview_polyline,total_distance,total_duration,start_address,end_address,point_start_lat,point_start_lng,point_end_lat,point_end_lng,image_path
0,131 ft,1 min,Head <b>south</b> toward <b>W Marcum St</b>,mabiDzsqvNXHJBB@ZF,DRIVING,,mabiDzsqvNdAV@iBH?RKJW@WGQQQQCSBQPQF[FK@o@EoA?oGBoG?yABq@AiB@qD@qIFgKD{ND{_@KwUIkLEuFAaC?iAA]AA\?|B?xBAnA?zKAbLBhICrF?|C?hEBjBHvAZlDVbDDdAFzD?xCCdOIrJEtDAxECxLEvIL`EX|C\~BpBpJxAvG|@nD~AnF^lAt@~Ch@lCxBlLjBdKdAvF~A|IlCvNnQfaA`Jdf@zB~LfBxJrAhHpAnH|AjIvC|OjBbKtCvOfAjG|@dG`CrQlA`I`Gv[bPb|@hGn\zAvHjBdK`A|Ej@xCxA|HdFtXfDrQdC~M\pBfCnNzAdInAhGrAjH\pCJhAJbCBxA?vG@dM@h@?RNvDH|@NpA^|BHd@n@jCb@tA`@fAtBrEdDdGfBtClExGhEzFjD`FdCnDrCpEvB`Ev@~A`AvBj@rAnEfMfF`PtBjGhDfKlFfOxItWbD`JnCrFvA`C|AxBtCnDjItJjD`ExGrH~DnEjD`Ef@v@d@|@~@fC\rAR~@\|BDr@HdB@x@@pHArD@`W?bKBzFC~DE~G@dMFxP?hUBz]@fb@Brj@@zG?dEBbEEjE@fQ?xMAhG@lF?fW@nX?rK?nUA|SSvZQxPA`DEdD?xBBzJ?~D?~P@t`@CpAB~G@vJCpLGvGSnSE`ECxCAx@M^KJWPaC@eEDkE@yN@iE@_D@eN@uDBaA?OCqA@wAAiB@{ME{NEAhE?`BFR?x@AdOA`@EJKJM@uGAAtC,21.5 mi,38 mins,"6801 S Dale Mabry Hwy, Tampa, FL 33621, USA","11076 Freedom Way, Seminole, FL 33772, USA",27.8685453,-82.5070152,27.8682005,-82.50713619999999,pics/streetview_27.8685453_-82.5070152.jpg
1,167 ft,1 min,Turn <b>left</b> onto <b>W Marcum St</b>,g_biDrtqvN?w@@q@,DRIVING,turn-left,mabiDzsqvNdAV@iBH?RKJW@WGQQQQCSBQPQF[FK@o@EoA?oGBoG?yABq@AiB@qD@qIFgKD{ND{_@KwUIkLEuFAaC?iAA]AA\?|B?xBAnA?zKAbLBhICrF?|C?hEBjBHvAZlDVbDDdAFzD?xCCdOIrJEtDAxECxLEvIL`EX|C\~BpBpJxAvG|@nD~AnF^lAt@~Ch@lCxBlLjBdKdAvF~A|IlCvNnQfaA`Jdf@zB~LfBxJrAhHpAnH|AjIvC|OjBbKtCvOfAjG|@dG`CrQlA`I`Gv[bPb|@hGn\zAvHjBdK`A|Ej@xCxA|HdFtXfDrQdC~M\pBfCnNzAdInAhGrAjH\pCJhAJbCBxA?vG@dM@h@?RNvDH|@NpA^|BHd@n@jCb@tA`@fAtBrEdDdGfBtClExGhEzFjD`FdCnDrCpEvB`Ev@~A`AvBj@rAnEfMfF`PtBjGhDfKlFfOxItWbD`JnCrFvA`C|AxBtCnDjItJjD`ExGrH~DnEjD`Ef@v@d@|@~@fC\rAR~@\|BDr@HdB@x@@pHArD@`W?bKBzFC~DE~G@dMFxP?hUBz]@fb@Brj@@zG?dEBbEEjE@fQ?xMAhG@lF?fW@nX?rK?nUA|SSvZQxPA`DEdD?xBBzJ?~D?~P@t`@CpAB~G@vJCpLGvGSnSE`ECxCAx@M^KJWPaC@eEDkE@yN@iE@_D@eN@uDBaA?OCqA@wAAiB@{ME{NEAhE?`BFR?x@AdOA`@EJKJM@uGAAtC,21.5 mi,38 mins,"6801 S Dale Mabry Hwy, Tampa, FL 33621, USA","11076 Freedom Way, Seminole, FL 33772, USA",27.8682005,-82.50713619999999,27.868188,-82.5066147,pics/streetview_27.8682005_-82.50713619999999.jpg
2,1.8 mi,5 mins,"At the traffic circle, take the <b>2nd</b> exit onto <b>FL-573 N</b><div style=""font-size:0.9em"">Pass by Dollar General (on the right in 0.4 mi)</div>",e_biDhqqvNB?D?BABAFCBC@CBABI@G@C?E?I?CAC?ECCACACCCGGCACACAC?E?G?C@C?C@CBGDABCBABOBQBIBK@o@E[As@@G?cB@{A?gA@mB?gA?{@?]?i@@o@@c@AM?s@?O?O@U?Y?M?[?U?]@S?W?M?_@@C?{@?Y@qA?_A@W?m@@u@?W?a@@_B?_@@a@?y@@{@?W?gB@Y@qB@g@?a@?oB?u@?kCAgA?M?iBA{A?e@?W?c@Au@?aA?oAAaA?iAAo@AyA?s@?WA{@?[?aAAk@?kAAK?M?aA?eAAa@?iA?eAA]?M?m@?c@Ac@?uA?kAAm@?i@Aw@Aq@@i@Ay@?U?_@AO?e@@[?I?K@w@Aa@?[?Y?o@A,DRIVING,roundabout-right,mabiDzsqvNdAV@iBH?RKJW@WGQQQQCSBQPQF[FK@o@EoA?oGBoG?yABq@AiB@qD@qIFgKD{ND{_@KwUIkLEuFAaC?iAA]AA\?|B?xBAnA?zKAbLBhICrF?|C?hEBjBHvAZlDVbDDdAFzD?xCCdOIrJEtDAxECxLEvIL`EX|C\~BpBpJxAvG|@nD~AnF^lAt@~Ch@lCxBlLjBdKdAvF~A|IlCvNnQfaA`Jdf@zB~LfBxJrAhHpAnH|AjIvC|OjBbKtCvOfAjG|@dG`CrQlA`I`Gv[bPb|@hGn\zAvHjBdK`A|Ej@xCxA|HdFtXfDrQdC~M\pBfCnNzAdInAhGrAjH\pCJhAJbCBxA?vG@dM@h@?RNvDH|@NpA^|BHd@n@jCb@tA`@fAtBrEdDdGfBtClExGhEzFjD`FdCnDrCpEvB`Ev@~A`AvBj@rAnEfMfF`PtBjGhDfKlFfOxItWbD`JnCrFvA`C|AxBtCnDjItJjD`ExGrH~DnEjD`Ef@v@d@|@~@fC\rAR~@\|BDr@HdB@x@@pHArD@`W?bKBzFC~DE~G@dMFxP?hUBz]@fb@Brj@@zG?dEBbEEjE@fQ?xMAhG@lF?fW@nX?rK?nUA|SSvZQxPA`DEdD?xBBzJ?~D?~P@t`@CpAB~G@vJCpLGvGSnSE`ECxCAx@M^KJWPaC@eEDkE@yN@iE@_D@eN@uDBaA?OCqA@wAAiB@{ME{NEAhE?`BFR?x@AdOA`@EJKJM@uGAAtC,21.5 mi,38 mins,"6801 S Dale Mabry Hwy, Tampa, FL 33621, USA","11076 Freedom Way, Seminole, FL 33772, USA",27.868188,-82.5066147,27.8936324,-82.50627229999999,pics/streetview_27.868188_-82.5066147.jpg
3,8.1 mi,11 mins,"Turn <b>left</b> onto <b>US-92 W</b>/<wbr/><b>W Gandy Blvd</b><div style=""font-size:0.9em"">Pass by QDOBA Mexican Eats (on the right)</div>",e~fiDdoqvN]AA\?bA?x@?bB?T?F?NAp@?D?F?D?bC?lB?Z@\An@?p@?h@?lAAbA?\?lA?Z?d@?x@?nD@f@@fA?h@Az@AT?hA?vAAdA@vA?~B?hA?~@@L?L@NBf@@RBP?HPbB@XBVBVBNB^HdADl@@H?P?DBb@BV@bA@hA?T?nA?h@?N?N?t@ApBAx@?fA?p@?l@Ar@@fAA|@?r@?b@Al@AhA?^Cn@?T?VAd@CvA?^?d@AlB?d@?^?d@AnB?V?f@?lA?|@?~@AV?VAz@EzE@f@?D?d@DjAFhAHhANrAJx@PdAd@~B|@fEFXDNj@lCLd@Nr@Nn@\rAJb@J^FVDHJ\`@tAj@pBLb@Ph@Nr@d@jB\`BJj@\bBzAhIZbB^xBh@nCDVBLFX@LTlAJd@F^@DJf@RlAJd@Hf@Jd@Hd@Hf@Jd@Hf@Jd@Hd@BJFZ@F?DFVBNDV`@rBZdBBLDXBJFZBJPdAJf@f@lCDRp@rDHd@Jf@RjAJf@TlAHd@`@|Bh@pCHd@FXBLHd@TlAX|ADTJf@Hd@Jd@P`AVxATlAHb@Jh@j@xC@Lj@vCFZ?Dj@xCtAvHJd@Hd@nCtNl@`DJh@TrAXvATvAPz@@DH`@BRRbAJj@F\Jh@^tBJb@Fb@Jh@F\Jf@Ln@ZhB\fBt@zDZrBd@fCv@bE~AzI`@tBHd@Jd@^tBj@xCDZXvAh@rC`@zBn@jDXzAP~@PdA\rBDP@H@JBPHd@DVPjAHf@Hj@ZzBDZHp@DTR~Aj@hEFd@Fb@p@pEN~@Jl@?@RhAH\r@zDnDrRhAhGlArGTlAbExTPdAbCpMH`@PbAbApF\fBP`Av@fETrABNj@tCVpATnAFVNv@l@vCR~@TlA`@`C^tBTrAj@hCH^`@xBVtAJh@\hBVrAPx@d@rCNr@lAxGP|@ZdBTlAJf@N~@RdANv@ZbBLn@n@dDJn@Lj@VxA\hBX|At@|DBVLn@BNFXb@dCTnAJf@Hd@X~ABJNv@Hf@TpATpAP|@\bBXvATjATdAH^^pBNx@FX,DRIVING,turn-left,mabiDzsqvNdAV@iBH?RKJW@WGQQQQCSBQPQF[FK@o@EoA?oGBoG?yABq@AiB@qD@qIFgKD{ND{_@KwUIkLEuFAaC?iAA]AA\?|B?xBAnA?zKAbLBhICrF?|C?hEBjBHvAZlDVbDDdAFzD?xCCdOIrJEtDAxECxLEvIL`EX|C\~BpBpJxAvG|@nD~AnF^lAt@~Ch@lCxBlLjBdKdAvF~A|IlCvNnQfaA`Jdf@zB~LfBxJrAhHpAnH|AjIvC|OjBbKtCvOfAjG|@dG`CrQlA`I`Gv[bPb|@hGn\zAvHjBdK`A|Ej@xCxA|HdFtXfDrQdC~M\pBfCnNzAdInAhGrAjH\pCJhAJbCBxA?vG@dM@h@?RNvDH|@NpA^|BHd@n@jCb@tA`@fAtBrEdDdGfBtClExGhEzFjD`FdCnDrCpEvB`Ev@~A`AvBj@rAnEfMfF`PtBjGhDfKlFfOxItWbD`JnCrFvA`C|AxBtCnDjItJjD`ExGrH~DnEjD`Ef@v@d@|@~@fC\rAR~@\|BDr@HdB@x@@pHArD@`W?bKBzFC~DE~G@dMFxP?hUBz]@fb@Brj@@zG?dEBbEEjE@fQ?xMAhG@lF?fW@nX?rK?nUA|SSvZQxPA`DEdD?xBBzJ?~D?~P@t`@CpAB~G@vJCpLGvGSnSE`ECxCAx@M^KJWPaC@eEDkE@yN@iE@_D@eN@uDBaA?OCqA@wAAiB@{ME{NEAhE?`BFR?x@AdOA`@EJKJM@uGAAtC,21.5 mi,38 mins,"6801 S Dale Mabry Hwy, Tampa, FL 33621, USA","11076 Freedom Way, Seminole, FL 33772, USA",27.8936324,-82.50627229999999,27.8651649,-82.63404059999999,pics/streetview_27.8936324_-82.50627229999999.jpg
4,171 ft,1 min,Keep <b>left</b> to continue on <b>FL-600 W</b>,glaiDvmjwNZdB,DRIVING,keep-left,mabiDzsqvNdAV@iBH?RKJW@WGQQQQCSBQPQF[FK@o@EoA?oGBoG?yABq@AiB@qD@qIFgKD{ND{_@KwUIkLEuFAaC?iAA]AA\?|B?xBAnA?zKAbLBhICrF?|C?hEBjBHvAZlDVbDDdAFzD?xCCdOIrJEtDAxECxLEvIL`EX|C\~BpBpJxAvG|@nD~AnF^lAt@~Ch@lCxBlLjBdKdAvF~A|IlCvNnQfaA`Jdf@zB~LfBxJrAhHpAnH|AjIvC|OjBbKtCvOfAjG|@dG`CrQlA`I`Gv[bPb|@hGn\zAvHjBdK`A|Ej@xCxA|HdFtXfDrQdC~M\pBfCnNzAdInAhGrAjH\pCJhAJbCBxA?vG@dM@h@?RNvDH|@NpA^|BHd@n@jCb@tA`@fAtBrEdDdGfBtClExGhEzFjD`FdCnDrCpEvB`Ev@~A`AvBj@rAnEfMfF`PtBjGhDfKlFfOxItWbD`JnCrFvA`C|AxBtCnDjItJjD`ExGrH~DnEjD`Ef@v@d@|@~@fC\rAR~@\|BDr@HdB@x@@pHArD@`W?bKBzFC~DE~G@dMFxP?hUBz]@fb@Brj@@zG?dEBbEEjE@fQ?xMAhG@lF?fW@nX?rK?nUA|SSvZQxPA`DEdD?xBBzJ?~D?~P@t`@CpAB~G@vJCpLGvGSnSE`ECxCAx@M^KJWPaC@eEDkE@yN@iE@_D@eN@uDBaA?OCqA@wAAiB@{ME{NEAhE?`BFR?x@AdOA`@EJKJM@uGAAtC,21.5 mi,38 mins,"6801 S Dale Mabry Hwy, Tampa, FL 33621, USA","11076 Freedom Way, Seminole, FL 33772, USA",27.8651649,-82.63404059999999,27.8650234,-82.63454589999999,pics/streetview_27.8651649_-82.63404059999999.jpg
5,6.3 mi,11 mins,"Continue onto <b>FL-694 W</b><div style=""font-size:0.9em"">Pass by Taco Bell (on the right in 4.3 mi)</div>",kkaiD|pjwNHj@RdBFn@BXDv@Bf@?@@`@?B@Z?J@l@?b@?x@?V?B?b@?f@?h@?f@?tA?l@?f@?`B@f@?nB?V?F?D?@@`@?N?BNvDH|@Hp@D^Jv@RdADX@B@B?BJd@Lf@Ld@FV@B@B@B\hABHFNBHPb@n@vAJTl@nAJTT`@R`@R^PZVd@d@x@T`@@BPZj@~@HJ^l@j@~@T\l@~@|AzBbAtAV\X\BDBB@B@@fAxABD@@j@x@rAjBX`@FJ@@@B|AxBf@t@f@t@jBzCVd@~AzCZl@Zp@h@hALZDHBF\t@DLBFBFBD@B@B?B@BpBrFrA|DBFz@hCXx@lCtIv@~BZ|@Rj@L`@l@fBt@zB@DbA|C~D|Kf@zA@DBFTr@jBtFtAhE`C`HpBzFXx@Vj@tAtCx@|An@fAf@x@n@`Al@v@`CvCRVrA`BTVjBxBtB`C`@d@jBxBHHRVbCnC\^VV~AjBd@h@Z^fAjAt@x@PPZ^n@r@f@l@FHFFHJJNPVT^PXRb@LXPd@JXRl@HZDJFXDPDP@DBHF\F^BJNhA@F?@@PBT?HB^@R@`@@N?H?N@V?F?^?pA@tC?h@?ZAJ?lB?\@h@?tAAT?xB@fC?nE?t@?bB?P?H?L?~B?v@?t@?t@?t@?bB@nA?j@@Z?jAAz@?VA^?f@Ar@?d@?P?VAN?n@Ar@?v@?X?H@x@?v@?hDAd@@f@?zC@x@@dC@d@?f@@pA?l@?N?`@?pC@`B?v@?~BAjA?`A?lB?h@?d@?Z@~@?hC?j@?X?`A?b@?xA?V?H?l@@`A?jE?`A?rC?|B?h@?j@?fA?V?b@?lB?bC?F?l@?^?pC?Z?`B@b@?n@?tA?fB?~D?nA@jD?`B@rDA|A@vA?`@?f@?T?`@?t@?dA?P?xB@dB?h@?lA?HAJ@`B?P@l@?lA@t@?XAp@CzA,DRIVING,,mabiDzsqvNdAV@iBH?RKJW@WGQQQQCSBQPQF[FK@o@EoA?oGBoG?yABq@AiB@qD@qIFgKD{ND{_@KwUIkLEuFAaC?iAA]AA\?|B?xBAnA?zKAbLBhICrF?|C?hEBjBHvAZlDVbDDdAFzD?xCCdOIrJEtDAxECxLEvIL`EX|C\~BpBpJxAvG|@nD~AnF^lAt@~Ch@lCxBlLjBdKdAvF~A|IlCvNnQfaA`Jdf@zB~LfBxJrAhHpAnH|AjIvC|OjBbKtCvOfAjG|@dG`CrQlA`I`Gv[bPb|@hGn\zAvHjBdK`A|Ej@xCxA|HdFtXfDrQdC~M\pBfCnNzAdInAhGrAjH\pCJhAJbCBxA?vG@dM@h@?RNvDH|@NpA^|BHd@n@jCb@tA`@fAtBrEdDdGfBtClExGhEzFjD`FdCnDrCpEvB`Ev@~A`AvBj@rAnEfMfF`PtBjGhDfKlFfOxItWbD`JnCrFvA`C|AxBtCnDjItJjD`ExGrH~DnEjD`Ef@v@d@|@~@fC\rAR~@\|BDr@HdB@x@@pHArD@`W?bKBzFC~DE~G@dMFxP?hUBz]@fb@Brj@@zG?dEBbEEjE@fQ?xMAhG@lF?fW@nX?rK?nUA|SSvZQxPA`DEdD?xBBzJ?~D?~P@t`@CpAB~G@vJCpLGvGSnSE`ECxCAx@M^KJWPaC@eEDkE@yN@iE@_D@eN@uDBaA?OCqA@wAAiB@{ME{NEAhE?`BFR?x@AdOA`@EJKJM@uGAAtC,21.5 mi,38 mins,"6801 S Dale Mabry Hwy, Tampa, FL 33621, USA","11076 Freedom Way, Seminole, FL 33772, USA",27.8650234,-82.63454589999999,27.8392326,-82.7284475,pics/streetview_27.8650234_-82.63454589999999.jpg
6,3.6 mi,7 mins,"Continue onto <b>Park Blvd</b><div style=""font-size:0.9em"">Pass by McDonald's (on the right in 2.1 mi)</div>",ej|hDx{|wN?b@@xC?l@?b@?|B?p@?T?lA?fA?p@?nA?dC?r@?\?|@?B?|@?\?l@AvA?dB?dA@jA?P?hA?v@?`@?fC?z@?xA?nA?nC?nD?`B@dC?fB?jC?`B?fC?B?dB?`@?hA?P?`B?j@?L?|@?z@?lA?tC?\?lA?hE?x@?hB?P?xA?pAAzA@j@?vB?xBAbA?r@AbBEzFAfB?p@A|@CzDChB?XAz@Ad@ArBAjAAb@CtA?z@C`B?HA|A?T?b@A~BCd@?dA?r@?d@@rD?rA@lA?T?nA?p@?f@AT?jB?Z@dA?lA?zBAR@|B?dA?r@?pA?X?rA@xQ?bC?\AVAx@@v@@fF@pA?^?h@?zEAvF?`BAt@?`@?d@C`BCrB?ZAX?^CtBErDCrCA|@At@?b@ChB?XAr@?H?^CxBAx@,DRIVING,,mabiDzsqvNdAV@iBH?RKJW@WGQQQQCSBQPQF[FK@o@EoA?oGBoG?yABq@AiB@qD@qIFgKD{ND{_@KwUIkLEuFAaC?iAA]AA\?|B?xBAnA?zKAbLBhICrF?|C?hEBjBHvAZlDVbDDdAFzD?xCCdOIrJEtDAxECxLEvIL`EX|C\~BpBpJxAvG|@nD~AnF^lAt@~Ch@lCxBlLjBdKdAvF~A|IlCvNnQfaA`Jdf@zB~LfBxJrAhHpAnH|AjIvC|OjBbKtCvOfAjG|@dG`CrQlA`I`Gv[bPb|@hGn\zAvHjBdK`A|Ej@xCxA|HdFtXfDrQdC~M\pBfCnNzAdInAhGrAjH\pCJhAJbCBxA?vG@dM@h@?RNvDH|@NpA^|BHd@n@jCb@tA`@fAtBrEdDdGfBtClExGhEzFjD`FdCnDrCpEvB`Ev@~A`AvBj@rAnEfMfF`PtBjGhDfKlFfOxItWbD`JnCrFvA`C|AxBtCnDjItJjD`ExGrH~DnEjD`Ef@v@d@|@~@fC\rAR~@\|BDr@HdB@x@@pHArD@`W?bKBzFC~DE~G@dMFxP?hUBz]@fb@Brj@@zG?dEBbEEjE@fQ?xMAhG@lF?fW@nX?rK?nUA|SSvZQxPA`DEdD?xBBzJ?~D?~P@t`@CpAB~G@vJCpLGvGSnSE`ECxCAx@M^KJWPaC@eEDkE@yN@iE@_D@eN@uDBaA?OCqA@wAAiB@{ME{NEAhE?`BFR?x@AdOA`@EJKJM@uGAAtC,21.5 mi,38 mins,"6801 S Dale Mabry Hwy, Tampa, FL 33621, USA","11076 Freedom Way, Seminole, FL 33772, USA",27.8392326,-82.7284475,27.8396278,-82.7866497,pics/streetview_27.8392326_-82.7284475.jpg
7,1.2 mi,2 mins,"Turn <b>right</b> onto <b>US-19 ALT N</b>/<wbr/><b>Seminole Blvd</b><div style=""font-size:0.9em"">Pass by Dunkin' (on the right in 0.8 mi)</div>",ul|hDpghxNM^CDGDEDQJyA@]?G?A?i@@y@@}@@c@?G?sA@yA?U?wA?uA?_A?yA?m@?g@?u@@e@?u@?S?q@?mA@k@?Y?Q@gA?[?S?G?oA?{@@sB?_A?mB?u@?k@@gA?K@aA?OC{@@U?e@?q@Aq@@w@?}BCwA?iEA{@?o@AeA?u@?{AAu@?cB?eAA,DRIVING,turn-right,mabiDzsqvNdAV@iBH?RKJW@WGQQQQCSBQPQF[FK@o@EoA?oGBoG?yABq@AiB@qD@qIFgKD{ND{_@KwUIkLEuFAaC?iAA]AA\?|B?xBAnA?zKAbLBhICrF?|C?hEBjBHvAZlDVbDDdAFzD?xCCdOIrJEtDAxECxLEvIL`EX|C\~BpBpJxAvG|@nD~AnF^lAt@~Ch@lCxBlLjBdKdAvF~A|IlCvNnQfaA`Jdf@zB~LfBxJrAhHpAnH|AjIvC|OjBbKtCvOfAjG|@dG`CrQlA`I`Gv[bPb|@hGn\zAvHjBdK`A|Ej@xCxA|HdFtXfDrQdC~M\pBfCnNzAdInAhGrAjH\pCJhAJbCBxA?vG@dM@h@?RNvDH|@NpA^|BHd@n@jCb@tA`@fAtBrEdDdGfBtClExGhEzFjD`FdCnDrCpEvB`Ev@~A`AvBj@rAnEfMfF`PtBjGhDfKlFfOxItWbD`JnCrFvA`C|AxBtCnDjItJjD`ExGrH~DnEjD`Ef@v@d@|@~@fC\rAR~@\|BDr@HdB@x@@pHArD@`W?bKBzFC~DE~G@dMFxP?hUBz]@fb@Brj@@zG?dEBbEEjE@fQ?xMAhG@lF?fW@nX?rK?nUA|SSvZQxPA`DEdD?xBBzJ?~D?~P@t`@CpAB~G@vJCpLGvGSnSE`ECxCAx@M^KJWPaC@eEDkE@yN@iE@_D@eN@uDBaA?OCqA@wAAiB@{ME{NEAhE?`BFR?x@AdOA`@EJKJM@uGAAtC,21.5 mi,38 mins,"6801 S Dale Mabry Hwy, Tampa, FL 33621, USA","11076 Freedom Way, Seminole, FL 33772, USA",27.8396278,-82.7866497,27.8568253,-82.7870038,pics/streetview_27.8396278_-82.7866497.jpg
8,0.3 mi,1 min,Turn <b>left</b> onto <b>Freedom Blvd</b>,ex_iDvihxNS?A\?dB?f@?\?`BFR?n@?H?HA`G?f@?pEAV?HADCDED,DRIVING,turn-left,mabiDzsqvNdAV@iBH?RKJW@WGQQQQCSBQPQF[FK@o@EoA?oGBoG?yABq@AiB@qD@qIFgKD{ND{_@KwUIkLEuFAaC?iAA]AA\?|B?xBAnA?zKAbLBhICrF?|C?hEBjBHvAZlDVbDDdAFzD?xCCdOIrJEtDAxECxLEvIL`EX|C\~BpBpJxAvG|@nD~AnF^lAt@~Ch@lCxBlLjBdKdAvF~A|IlCvNnQfaA`Jdf@zB~LfBxJrAhHpAnH|AjIvC|OjBbKtCvOfAjG|@dG`CrQlA`I`Gv[bPb|@hGn\zAvHjBdK`A|Ej@xCxA|HdFtXfDrQdC~M\pBfCnNzAdInAhGrAjH\pCJhAJbCBxA?vG@dM@h@?RNvDH|@NpA^|BHd@n@jCb@tA`@fAtBrEdDdGfBtClExGhEzFjD`FdCnDrCpEvB`Ev@~A`AvBj@rAnEfMfF`PtBjGhDfKlFfOxItWbD`JnCrFvA`C|AxBtCnDjItJjD`ExGrH~DnEjD`Ef@v@d@|@~@fC\rAR~@\|BDr@HdB@x@@pHArD@`W?bKBzFC~DE~G@dMFxP?hUBz]@fb@Brj@@zG?dEBbEEjE@fQ?xMAhG@lF?fW@nX?rK?nUA|SSvZQxPA`DEdD?xBBzJ?~D?~P@t`@CpAB~G@vJCpLGvGSnSE`ECxCAx@M^KJWPaC@eEDkE@yN@iE@_D@eN@uDBaA?OCqA@wAAiB@{ME{NEAhE?`BFR?x@AdOA`@EJKJM@uGAAtC,21.5 mi,38 mins,"6801 S Dale Mabry Hwy, Tampa, FL 33621, USA","11076 Freedom Way, Seminole, FL 33772, USA",27.8568253,-82.7870038,27.8569764,-82.7917366,pics/streetview_27.8568253_-82.7870038.jpg
9,0.1 mi,1 min,<b>Freedom Blvd</b> turns <b>right</b> and becomes <b>110th St</b>,cy_iDjgixNEDE?G@I?}B?gAAeA?,DRIVING,,mabiDzsqvNdAV@iBH?RKJW@WGQQQQCSBQPQF[FK@o@EoA?oGBoG?yABq@AiB@qD@qIFgKD{ND{_@KwUIkLEuFAaC?iAA]AA\?|B?xBAnA?zKAbLBhICrF?|C?hEBjBHvAZlDVbDDdAFzD?xCCdOIrJEtDAxECxLEvIL`EX|C\~BpBpJxAvG|@nD~AnF^lAt@~Ch@lCxBlLjBdKdAvF~A|IlCvNnQfaA`Jdf@zB~LfBxJrAhHpAnH|AjIvC|OjBbKtCvOfAjG|@dG`CrQlA`I`Gv[bPb|@hGn\zAvHjBdK`A|Ej@xCxA|HdFtXfDrQdC~M\pBfCnNzAdInAhGrAjH\pCJhAJbCBxA?vG@dM@h@?RNvDH|@NpA^|BHd@n@jCb@tA`@fAtBrEdDdGfBtClExGhEzFjD`FdCnDrCpEvB`Ev@~A`AvBj@rAnEfMfF`PtBjGhDfKlFfOxItWbD`JnCrFvA`C|AxBtCnDjItJjD`ExGrH~DnEjD`Ef@v@d@|@~@fC\rAR~@\|BDr@HdB@x@@pHArD@`W?bKBzFC~DE~G@dMFxP?hUBz]@fb@Brj@@zG?dEBbEEjE@fQ?xMAhG@lF?fW@nX?rK?nUA|SSvZQxPA`DEdD?xBBzJ?~D?~P@t`@CpAB~G@vJCpLGvGSnSE`ECxCAx@M^KJWPaC@eEDkE@yN@iE@_D@eN@uDBaA?OCqA@wAAiB@{ME{NEAhE?`BFR?x@AdOA`@EJKJM@uGAAtC,21.5 mi,38 mins,"6801 S Dale Mabry Hwy, Tampa, FL 33621, USA","11076 Freedom Way, Seminole, FL 33772, USA",27.8569764,-82.7917366,27.8584689,-82.7917707,pics/streetview_27.8569764_-82.7917366.jpg
10,243 ft,1 min,"Turn <b>left</b> onto <b>Freedom Way</b><div style=""font-size:0.9em"">Destination will be on the left</div>",mb`iDpgixNAtC,DRIVING,turn-left,mabiDzsqvNdAV@iBH?RKJW@WGQQQQCSBQPQF[FK@o@EoA?oGBoG?yABq@AiB@qD@qIFgKD{ND{_@KwUIkLEuFAaC?iAA]AA\?|B?xBAnA?zKAbLBhICrF?|C?hEBjBHvAZlDVbDDdAFzD?xCCdOIrJEtDAxECxLEvIL`EX|C\~BpBpJxAvG|@nD~AnF^lAt@~Ch@lCxBlLjBdKdAvF~A|IlCvNnQfaA`Jdf@zB~LfBxJrAhHpAnH|AjIvC|OjBbKtCvOfAjG|@dG`CrQlA`I`Gv[bPb|@hGn\zAvHjBdK`A|Ej@xCxA|HdFtXfDrQdC~M\pBfCnNzAdInAhGrAjH\pCJhAJbCBxA?vG@dM@h@?RNvDH|@NpA^|BHd@n@jCb@tA`@fAtBrEdDdGfBtClExGhEzFjD`FdCnDrCpEvB`Ev@~A`AvBj@rAnEfMfF`PtBjGhDfKlFfOxItWbD`JnCrFvA`C|AxBtCnDjItJjD`ExGrH~DnEjD`Ef@v@d@|@~@fC\rAR~@\|BDr@HdB@x@@pHArD@`W?bKBzFC~DE~G@dMFxP?hUBz]@fb@Brj@@zG?dEBbEEjE@fQ?xMAhG@lF?fW@nX?rK?nUA|SSvZQxPA`DEdD?xBBzJ?~D?~P@t`@CpAB~G@vJCpLGvGSnSE`ECxCAx@M^KJWPaC@eEDkE@yN@iE@_D@eN@uDBaA?OCqA@wAAiB@{ME{NEAhE?`BFR?x@AdOA`@EJKJM@uGAAtC,21.5 mi,38 mins,"6801 S Dale Mabry Hwy, Tampa, FL 33621, USA","11076 Freedom Way, Seminole, FL 33772, USA",27.8584689,-82.7917707,27.8584763,-82.7925195,pics/streetview_27.8584689_-82.7917707.jpg
